{"title": "Minimum_variance_portfolio_6months", "expectedreturn": 2.3357726417398944e-05, "sharpe": 0.0501509284099811, "std": 0.00046574863433136883, "portfolio": {"TAHFX": 0.9296106234213142, "BAGIX": 0.07038937657868577}}{"title": "Markowitz_portfolio_target_return:0.0005_6months", "expectedreturn": 0.0005214175960022079, "sharpe": 0.08047021537671263, "std": 0.006479634651917455, "portfolio": {"JDMNX": 0.8482, "BAGIX": 0.1518}}{"title": "Tangency_portfolio_6months", "expectedreturn": 0.00010865264936368522, "sharpe": 0.10905082265265073, "std": 0.0009963487364947831, "portfolio": {"TAHFX": 0.5764, "JDMNX": 0.1107, "BAGIX": 0.3129}}{"title": "Minimum_variance_portfolio_1year", "expectedreturn": 3.1220965526565115e-05, "sharpe": 0.05950696944422217, "std": 0.0005246606543428421, "portfolio": {"TAHFX": 0.908750713683763, "BAGIX": 0.091249286316237}}{"title": "Markowitz_portfolio_target_return:0.0005_1year", "expectedreturn": 0.0004581312023251104, "sharpe": 0.08334998871649657, "std": 0.005496475876959986, "portfolio": {"JDMNX": 0.7253, "BAGIX": 0.2747}}{"title": "Tangency_portfolio_1year", "expectedreturn": 0.00011863573980160956, "sharpe": 0.11781278305697868, "std": 0.001006985292455343, "portfolio": {"TAHFX": 0.5338, "JDMNX": 0.108, "BAGIX": 0.3583}}{"title": "Minimum_variance_portfolio_3years", "expectedreturn": 9.509312337337965e-05, "sharpe": 0.0905373596206713, "std": 0.001050319158541798, "portfolio": {"TAHFX": 0.596782278776476, "BAGIX": 0.39155476029271785, "DODGX": 0.011662960930806082}}{"title": "Markowitz_portfolio_target_return:0.0008_3years", "expectedreturn": 0.0007837870052674655, "sharpe": 0.23800224042316703, "std": 0.00329319171060699, "portfolio": {"JDMNX": 0.2949, "DFISX": 0.0694, "RERGX": 0.426, "BAGIX": 0.2096}}{"title": "Tangency_portfolio_3years", "expectedreturn": 0.0005098574291020048, "sharpe": 0.2568287235521457, "std": 0.00198520407706066, "portfolio": {"JDMNX": 0.2062, "RERGX": 0.2298, "BAGIX": 0.5641}}{"title": "Minimum_variance_portfolio_3months", "expectedreturn": 1.7114997007924677e-06, "sharpe": 0.0016380941491516794, "std": 0.0010448115584069469, "portfolio": {"TAHFX": 0.4612150984313696, "BAGIX": 0.48472327646762636, "DODGX": 0.05406162510100401}}{"title": "Markowitz_portfolio_target_return:0.0011_3months", "expectedreturn": 0.0010659486954955832, "sharpe": 0.24278829265491048, "std": 0.0043904452057360105, "portfolio": {"JDMNX": 0.8543, "DFISX": 0.082, "BAGIX": 0.0637}}{"title": "Tangency_portfolio_3months", "expectedreturn": 0.0006182966931402175, "sharpe": 0.2525680331780047, "std": 0.0024480401789582565, "portfolio": {"JDMNX": 0.5167, "DFISX": 0.0114, "BAGIX": 0.472}}