{"title": "Minimum_variance_portfolio_6months", "expectedreturn": -6.136651074218165e-07, "sharpe": -0.0006502272648584315, "std": 0.0009437701871136158, "portfolio": {"NEFLX": 0.04005031014203574, "GRZZX": 0.10512078096418205, "RFBSX": 0.8326827514371636, "SASMX": 0.022146157456618593}}{"title": "Markowitz_portfolio_target_return:0.0004_6months", "expectedreturn": 0.0002442203939827002, "sharpe": 0.11584901567523863, "std": 0.0021080920934824954, "portfolio": {"MFBFX": 0.2917, "MINDX": 0.0698, "VWINX": 0.2137, "WHIYX": 0.2055, "GRZZX": 0.0585, "SBFAX": 0.1608}}{"title": "Tangency_portfolio_6months", "expectedreturn": 8.315735794321357e-05, "sharpe": 0.13593033284535086, "std": 0.0006117645429281957, "portfolio": {"VWINX": 0.0559, "AUGAX": 0.0534, "JGMAX": 0.0205, "RFBSX": 0.6465, "WHIYX": 0.1158, "GRZZX": 0.0597, "SBFAX": 0.0481}}{"title": "Minimum_variance_portfolio_1year", "expectedreturn": 1.4951958554816508e-05, "sharpe": 0.01754336728043117, "std": 0.0008522855570318442, "portfolio": {"NEFLX": 0.01692053460421748, "TPINX": 0.01310984563925106, "GRZZX": 0.09409997917658072, "RFBSX": 0.8553465644505137, "SASMX": 0.02052307612943704}}{"title": "Markowitz_portfolio_target_return:0.0004_1year", "expectedreturn": 0.00023591404124042762, "sharpe": 0.1324512998343928, "std": 0.0017811379845678894, "portfolio": {"AUGAX": 0.128, "MFBFX": 0.3683, "MINDX": 0.1086, "VWINX": 0.1504, "GRZZX": 0.093, "SBFAX": 0.1515}}{"title": "Tangency_portfolio_1year", "expectedreturn": 8.703766533317117e-05, "sharpe": 0.16282503334814452, "std": 0.0005345471979549452, "portfolio": {"VWINX": 0.0237, "AUGAX": 0.0894, "MINDX": 0.0177, "RFBSX": 0.7239, "WHIYX": 0.0354, "JGMAX": 0.0223, "GRZZX": 0.0471, "SBFAX": 0.0405}}{"title": "Minimum_variance_portfolio_3years", "expectedreturn": -5.906860679589935e-05, "sharpe": -0.05861645457032596, "std": 0.0010077137423081589, "portfolio": {"VEIPX": 0.013936094431970764, "TPINX": 0.01924503671284159, "GRZZX": 0.09159245064361342, "PTOAX": 0.01698235640357199, "PSSAX": 0.197462757533198, "FHAIX": 0.014790917587586438, "MDDVX": 0.02120789847714074, "SWPPX": 0.029752517513289285, "RFBSX": 0.5950299706967878}}{"title": "Markowitz_portfolio_target_return:0.0007_3years", "expectedreturn": 0.0007089550756955292, "sharpe": 0.3490023268807467, "std": 0.002031376357951268, "portfolio": {"DIBAX": 0.0344, "MPACX": 0.2077, "PFUAX": 0.1196, "PSSAX": 0.0416, "VWINX": 0.2759, "MCHFX": 0.1303, "GRZZX": 0.0992, "SBFAX": 0.0912}}{"title": "Tangency_portfolio_3years", "expectedreturn": 0.00017243786896665065, "sharpe": 0.4997450804643625, "std": 0.0003450516587505406, "portfolio": {"VWINX": 0.1267, "MDDVX": 0.017, "WHIYX": 0.0336, "PSSAX": 0.2786, "MPACX": 0.041, "PTOAX": 0.1825, "SBFAX": 0.026, "RFBSX": 0.1971, "VEIPX": 0.0169, "VDAIX": 0.011, "MCHFX": 0.0154, "GRZZX": 0.0542}}{"title": "Minimum_variance_portfolio_3months", "expectedreturn": -0.00010196688689223987, "sharpe": -0.13335569835423847, "std": 0.000764623395555103, "portfolio": {"AUGAX": 0.016056852643172876, "SWLBX": 0.27382409348765174, "WHIYX": 0.03947081083481303, "NEFLX": 0.02298288561637701, "PSSAX": 0.1996153885963495, "PTOAX": 0.02743116438887012, "IPFIX": 0.08185824083824267, "JHUAX": 0.019263634798647282, "SBFAX": 0.01610056364594159, "TPINX": 0.04262141391123988, "EVGOX": 0.02624192486227509, "RFBSX": 0.0832540915936308, "VDAIX": 0.033285765381389804, "GRZZX": 0.10175580803975214, "SFAAX": 0.016237361361646434}}{"title": "Markowitz_portfolio_target_return:0.0008_3months", "expectedreturn": 0.0007595221077796238, "sharpe": 0.305396036795595, "std": 0.0024870070867618376, "portfolio": {"MPACX": 0.1345, "VWINX": 0.1671, "WSTYX": 0.1854, "PCKAX": 0.056, "RYDVX": 0.0904, "VDAIX": 0.0634, "JLTSX": 0.0295, "PSSAX": 0.1823, "PIPAX": 0.0914}}{"title": "Tangency_portfolio_3months", "expectedreturn": 0.00010868285775215102, "sharpe": 0.5051380879616679, "std": 0.00021515474746857408, "portfolio": {"VWINX": 0.1012, "SWLBX": 0.3798, "WSTYX": 0.0146, "RFBSX": 0.074, "PTOAX": 0.1064, "PCKAX": 0.03, "GRZZX": 0.0467, "MPACX": 0.0137, "PSSAX": 0.1923, "VDAIX": 0.0295, "SBFAX": 0.0117}}